Timestamp,User Count,Type,Name,Requests/s,Failures/s,50%,66%,75%,80%,90%,95%,98%,99%,99.9%,99.99%,100%,Total Request Count,Total Failure Count,Total Median Response Time,Total Average Response Time,Total Min Response Time,Total Max Response Time,Total Average Content Size
1724775205,0,,Aggregated,0.000000,0.000000,N/A,N/A,N/A,N/A,N/A,N/A,N/A,N/A,N/A,N/A,N/A,0,0,0,0.0,0,0,0
1724775206,5,,Aggregated,0.000000,0.000000,480,490,490,530,530,530,530,530,530,530,530,5,0,480.0,418.91372001264244,152.54209993872792,530.0337000517175,72.8
1724775207,15,,Aggregated,0.000000,0.000000,470,490,500,500,500,530,530,530,530,530,530,11,0,470.0,397.304463644766,30.88550001848489,530.0337000517175,81.0
1724775208,20,,Aggregated,0.000000,0.000000,440,470,480,490,500,530,530,530,530,530,530,18,0,440.0,384.3268222214344,30.88550001848489,530.0337000517175,69.72222222222223
1724775209,25,,Aggregated,5.500000,0.000000,390,440,470,470,500,500,530,530,530,530,530,27,0,390.0,344.7045259203555,30.88550001848489,530.0337000517175,89.74074074074075
1724775210,30,,Aggregated,6.000000,0.000000,380,400,440,450,480,500,530,530,530,530,530,42,0,380.0,315.6551857162932,21.116800024174154,530.0337000517175,102.64285714285714
1724775211,35,,Aggregated,6.500000,0.000000,370,390,420,440,470,500,500,530,530,530,530,53,0,370.0,316.9992849085796,21.116800024174154,530.0337000517175,101.11320754716981
1724775212,40,,Aggregated,8.000000,0.000000,350,380,400,420,460,490,500,530,530,530,530,74,0,350.0,311.6612486538125,21.116800024174154,530.0337000517175,102.95945945945945
1724775213,45,,Aggregated,8.666667,0.000000,350,370,390,400,450,480,500,530,530,530,530,93,0,350.0,310.85348602569593,21.116800024174154,530.0337000517175,98.84946236559139
1724775214,50,,Aggregated,10.285714,0.000000,350,370,390,400,450,470,500,500,530,530,530,114,0,350.0,320.5272403531381,21.116800024174154,530.0337000517175,92.84210526315789
1724775215,55,,Aggregated,11.375000,0.000000,350,370,390,400,450,470,500,500,530,530,530,138,0,340.0,314.34322174037874,21.116800024174154,530.0337000517175,98.42028985507247
1724775216,60,,Aggregated,12.333333,0.000000,350,360,380,390,440,460,500,500,530,530,530,162,0,340.0,312.27369568192825,21.116800024174154,530.0337000517175,95.32098765432099
1724775217,65,,Aggregated,13.600000,0.000000,340,360,380,390,450,470,500,510,530,530,530,187,0,340.0,310.21449893257295,21.116800024174154,530.0337000517175,96.36898395721926
1724775218,70,,Aggregated,15.400000,0.000000,340,360,370,390,450,470,500,500,530,530,530,221,0,340.0,314.8291651623079,21.116800024174154,530.0337000517175,91.84615384615384
1724775219,75,,Aggregated,17.000000,0.000000,340,360,370,380,440,470,500,510,730,730,730,253,0,340.0,310.77888972777504,21.116800024174154,731.4668000908569,93.71541501976284
1724775220,80,,Aggregated,20.000000,0.000000,340,350,370,380,440,460,500,510,730,730,730,281,0,340.0,309.6595284751918,21.116800024174154,731.4668000908569,94.32384341637011
1724775221,85,,Aggregated,22.200000,0.000000,340,350,370,380,420,460,500,510,730,730,730,322,0,340.0,302.57299193144945,18.858099938370287,731.4668000908569,99.3167701863354
1724775222,90,,Aggregated,23.300000,0.000000,340,350,370,380,420,460,500,530,730,730,730,364,0,340.0,301.87531950938575,18.131099990569055,731.4668000908569,99.06593406593407
1724775223,95,,Aggregated,26.500000,0.000000,340,350,370,370,410,460,500,530,730,730,730,401,0,340.0,299.9954117241982,17.24880002439022,731.4668000908569,101.28678304239402
1724775224,100,,Aggregated,28.400000,0.000000,340,350,360,370,400,460,500,530,730,730,730,446,0,340.0,297.49038296275575,17.218700028024614,731.4668000908569,102.03363228699551
1724775225,105,,Aggregated,30.500000,0.000000,340,350,360,370,400,460,500,530,730,730,730,497,0,340.0,296.1282237452573,16.20299997739494,731.4668000908569,102.3923541247485
1724775226,110,,Aggregated,32.600000,0.000000,340,350,360,370,400,450,500,530,730,730,730,541,0,340.0,293.1616826276872,16.20299997739494,731.4668000908569,104.77818853974122
1724775227,115,,Aggregated,34.900000,0.000000,340,350,360,370,400,450,500,540,730,730,730,594,0,340.0,292.95661464911296,16.20299997739494,731.4668000908569,105.35185185185185
1724775228,120,,Aggregated,36.600000,0.000000,340,350,360,370,390,450,500,530,730,730,730,644,0,340.0,292.9114270205132,16.20299997739494,731.4668000908569,105.58850931677019
1724775229,125,,Aggregated,40.000000,0.000000,340,350,360,370,390,450,500,540,1500,1500,1500,695,0,340.0,291.35360216031773,16.20299997739494,1453.9653999963775,107.4820143884892
1724775230,130,,Aggregated,40.800000,0.000000,340,350,360,370,400,460,510,610,1600,1600,1600,751,0,340.0,295.7082688434858,16.20299997739494,1607.711400021799,107.8601864181092
1724775231,135,,Aggregated,43.200000,0.000000,340,350,360,370,400,460,510,610,1600,1600,1600,809,0,340.0,296.7047410404393,16.20299997739494,1607.711400021799,107.66501854140915
1724775232,140,,Aggregated,46.300000,0.000000,340,350,360,370,400,460,510,610,1600,1600,1600,865,0,340.0,297.1068268231348,16.20299997739494,1607.711400021799,106.29942196531792
1724775233,145,,Aggregated,47.300000,0.000000,340,350,360,370,390,450,510,610,1600,1600,1600,942,0,340.0,295.4475196408881,16.20299997739494,1607.711400021799,106.49469214437367
1724775234,150,,Aggregated,49.700000,0.000000,340,350,360,370,390,450,510,610,1600,1600,1600,996,0,340.0,296.3205507044058,16.20299997739494,1607.711400021799,105.60140562248996
1724775235,155,,Aggregated,51.000000,0.000000,340,350,360,370,390,450,510,600,1500,1600,1600,1067,0,340.0,296.64996972974416,16.20299997739494,1607.711400021799,105.1302717900656
1724775236,160,,Aggregated,54.400000,0.000000,340,350,360,370,390,450,500,570,1500,1600,1600,1142,0,340.0,294.20538502673975,16.20299997739494,1607.711400021799,106.28021015761821
1724775237,165,,Aggregated,55.600000,0.000000,340,350,360,370,390,450,500,560,1500,1600,1600,1211,0,340.0,294.0759428577424,16.20299997739494,1607.711400021799,106.90999174236168
1724775238,170,,Aggregated,59.700000,0.000000,340,360,360,370,390,450,500,560,1500,1600,1600,1285,0,340.0,294.5638327636477,16.20299997739494,1607.711400021799,106.98599221789883
1724775239,175,,Aggregated,60.400000,0.000000,350,360,370,370,400,450,500,560,1500,1600,1600,1368,0,350.0,294.96533369981785,16.20299997739494,1607.711400021799,107.34868421052632
1724775240,180,,Aggregated,63.100000,0.000000,350,360,370,370,400,450,510,590,1500,1600,1600,1441,0,350.0,295.4531065934828,16.20299997739494,1607.711400021799,107.83067314365024
1724775241,185,,Aggregated,65.300000,0.000000,350,360,370,370,400,450,510,590,1500,1600,1600,1528,0,350.0,296.7562293201071,16.20299997739494,1607.711400021799,106.64528795811518
1724775242,190,,Aggregated,67.200000,0.000000,350,360,370,370,400,450,510,590,1500,1600,1600,1610,0,350.0,295.70771149115245,16.20299997739494,1607.711400021799,107.80434782608695
1724775243,195,,Aggregated,70.300000,0.000000,350,360,370,370,390,450,510,590,1500,1600,1600,1694,0,350.0,294.1867648173754,16.20299997739494,1607.711400021799,108.10625737898465
1724775244,200,,Aggregated,71.000000,0.000000,350,360,370,370,390,450,510,590,1500,1600,1600,1780,0,350.0,293.360826517246,16.20299997739494,1607.711400021799,108.38370786516855
1724775245,205,,Aggregated,75.400000,0.000000,350,360,360,370,390,440,510,570,1500,1600,1600,1872,0,350.0,292.60079935877127,16.20299997739494,1607.711400021799,108.82051282051282
1724775246,210,,Aggregated,75.300000,0.000000,340,360,360,370,390,440,500,570,1500,1600,1600,1958,0,340.0,291.18750423859603,16.20299997739494,1607.711400021799,109.28855975485189
1724775247,215,,Aggregated,79.500000,0.000000,340,360,360,370,390,440,500,570,880,1600,1600,2060,0,340.0,290.5794824759512,16.20299997739494,1607.711400021799,109.58446601941748
1724775248,220,,Aggregated,79.200000,0.000000,340,360,360,370,390,430,500,590,1300,1600,1600,2159,0,340.0,290.20627656346124,16.20299997739494,1607.711400021799,109.65585919407133
1724775249,225,,Aggregated,82.400000,0.000000,340,350,360,370,390,430,500,570,1300,1600,1600,2246,0,340.0,290.3524565007471,16.20299997739494,1607.711400021799,109.06188780053428
1724775250,230,,Aggregated,84.400000,0.000000,340,360,360,370,390,440,510,570,1300,1600,1600,2360,0,340.0,291.5325506782688,16.20299997739494,1607.711400021799,108.71016949152542
1724775251,235,,Aggregated,86.400000,0.000000,340,350,360,370,390,440,500,560,1300,1600,1600,2451,0,340.0,290.2032736846448,16.20299997739494,1607.711400021799,109.24398204814362
1724775252,240,,Aggregated,89.300000,0.000000,340,350,360,370,390,430,500,570,1500,1600,1600,2551,0,340.0,290.8066941206338,16.20299997739494,1607.711400021799,109.5578204625637
1724775253,245,,Aggregated,90.300000,0.000000,340,350,360,370,390,430,500,570,1500,1600,1600,2667,0,340.0,290.73830187551357,16.20299997739494,1607.711400021799,109.66179227596551
1724775254,250,,Aggregated,93.900000,0.000000,340,350,360,370,390,430,510,600,1500,1600,1600,2771,0,340.0,289.65313702719897,16.20299997739494,1607.711400021799,110.62179718513173
1724775255,255,,Aggregated,95.300000,0.000000,340,350,360,370,390,430,500,600,1500,1600,1600,2883,0,340.0,289.86364863065086,15.865299967117608,1607.711400021799,110.34408602150538
1724775256,260,,Aggregated,98.700000,0.000000,340,350,360,370,390,430,500,590,1300,1600,1600,3003,0,340.0,289.5955318022383,15.865299967117608,1607.711400021799,110.31901431901431
1724775257,265,,Aggregated,98.900000,0.000000,340,350,360,370,390,430,500,590,1300,1600,1600,3111,0,340.0,289.1579341055506,15.865299967117608,1607.711400021799,110.29508196721312
1724775258,270,,Aggregated,103.100000,0.000000,340,350,360,370,390,430,500,610,1300,1600,1600,3232,0,340.0,289.17914266787534,15.865299967117608,1607.711400021799,110.13397277227723
1724775259,275,,Aggregated,103.900000,0.000000,340,350,360,370,390,430,510,610,1300,1600,1600,3343,0,340.0,288.65851136788086,15.865299967117608,1607.711400021799,110.56984744241699
1724775260,280,,Aggregated,105.300000,0.000000,340,350,360,370,390,420,510,610,1300,1600,1600,3485,0,340.0,288.4750597427467,15.865299967117608,1607.711400021799,110.36585365853658
1724775261,285,,Aggregated,109.100000,0.000000,340,350,360,370,380,420,500,610,1300,1600,1600,3598,0,340.0,288.0178220964696,15.865299967117608,1607.711400021799,110.56753752084491
1724775262,290,,Aggregated,110.500000,0.000000,340,350,360,370,380,420,500,600,1300,1600,1600,3738,0,340.0,288.0071048164073,15.865299967117608,1607.711400021799,110.36463349384698
1724775263,295,,Aggregated,113.200000,0.000000,340,350,360,370,380,420,500,610,1500,1600,1600,3860,0,340.0,288.2010354413446,15.865299967117608,1607.711400021799,110.27124352331606
1724775264,300,,Aggregated,115.300000,0.000000,340,350,360,370,380,420,500,600,1300,1600,1600,4003,0,340.0,288.19171184184864,15.865299967117608,1607.711400021799,110.1426430177367
1724775265,305,,Aggregated,116.700000,0.000000,340,350,360,370,380,420,500,590,1300,1600,1600,4124,0,340.0,288.08837640723084,15.865299967117608,1607.711400021799,110.03419010669253
1724775266,310,,Aggregated,119.600000,0.000000,340,350,360,370,380,420,500,590,1300,1600,1600,4262,0,340.0,287.82609436943,15.865299967117608,1607.711400021799,109.88432660722665
1724775267,315,,Aggregated,122.500000,0.000000,340,350,360,370,380,420,490,590,1300,1600,1600,4404,0,340.0,287.63960424661985,15.865299967117608,1607.711400021799,109.93755676657584
1724775268,320,,Aggregated,123.100000,0.000000,340,350,360,370,380,420,500,590,1300,1600,1600,4548,0,340.0,287.3581428103937,15.865299967117608,1607.711400021799,110.24076517150395
1724775269,325,,Aggregated,126.300000,0.000000,340,350,360,370,380,420,490,570,1300,1600,1600,4677,0,340.0,286.84915129402174,15.865299967117608,1607.711400021799,110.59161855890528
1724775270,330,,Aggregated,127.700000,0.000000,340,350,360,370,380,410,490,570,1300,1600,1600,4837,0,340.0,287.073671677104,15.865299967117608,1607.711400021799,110.37543932189374
1724775271,335,,Aggregated,130.400000,0.000000,340,350,360,370,380,410,490,570,1300,1600,1600,4958,0,340.0,286.4998867089089,15.865299967117608,1607.711400021799,110.60689794271885
1724775272,340,,Aggregated,132.200000,0.000000,340,350,360,370,380,410,490,590,1200,1600,1600,5122,0,340.0,286.60966435044406,15.865299967117608,1607.711400021799,110.50488090589613
1724775273,345,,Aggregated,134.500000,0.000000,340,350,360,370,380,410,490,570,1200,1600,1600,5277,0,340.0,286.4131643742613,15.865299967117608,1607.711400021799,110.31059314004169
1724775274,350,,Aggregated,135.800000,0.000000,340,350,360,370,380,410,490,560,1200,1600,1600,5419,0,340.0,286.64692351010234,15.865299967117608,1607.711400021799,109.99151134895737
1724775275,355,,Aggregated,139.200000,0.000000,340,350,360,370,380,410,490,560,1200,1600,1600,5590,0,340.0,286.5917699646633,15.865299967117608,1607.711400021799,109.91949910554561
1724775276,360,,Aggregated,140.100000,0.000000,340,350,360,370,380,410,480,560,1200,1600,1600,5741,0,340.0,285.8911279745564,15.865299967117608,1607.711400021799,110.23689252743425
1724775277,365,,Aggregated,142.200000,0.000000,340,350,360,370,380,410,480,560,1200,1600,1600,5907,0,340.0,285.6035352127924,15.865299967117608,1607.711400021799,110.34704587777213
1724775278,370,,Aggregated,142.200000,0.000000,340,350,360,370,380,410,480,560,1200,1600,1600,5934,0,340.0,285.58644909025736,15.865299967117608,1607.711400021799,110.44337714863498
1724775279,375,,Aggregated,147.200000,0.000000,340,360,360,370,390,470,810,840,1400,1600,1600,6211,0,340.0,301.35718908379397,15.865299967117608,1607.711400021799,110.75833199162776
1724775280,380,,Aggregated,150.300000,0.000000,340,360,360,370,390,470,810,840,1400,1600,1600,6344,0,340.0,301.52943286568603,15.865299967117608,1607.711400021799,110.67701765447667
1724775281,385,,Aggregated,139.400000,0.000000,340,360,360,370,390,470,800,840,1400,1600,1600,6501,0,340.0,300.9901362251524,15.865299967117608,1607.711400021799,111.03737886479003
1724775282,390,,Aggregated,151.100000,0.000000,340,360,360,370,390,460,780,840,1400,1600,1600,6686,0,340.0,300.58208128926043,15.865299967117608,1607.711400021799,111.01989231229435
1724775283,395,,Aggregated,147.500000,0.000000,340,360,360,370,390,460,770,840,1400,1600,1600,6842,0,340.0,300.4530353550722,15.865299967117608,1607.711400021799,110.87927506577024
1724775284,400,,Aggregated,149.800000,0.000000,340,360,360,370,390,460,740,840,1400,1600,1600,7034,0,340.0,299.7114896927681,15.865299967117608,1607.711400021799,110.9321865226045
1724775285,405,,Aggregated,153.000000,0.000000,340,360,360,370,390,450,740,840,1400,1600,1600,7219,0,340.0,299.21590041555686,15.865299967117608,1607.711400021799,110.99196564621138
1724775286,410,,Aggregated,154.000000,0.000000,340,360,360,370,390,450,740,840,1400,1600,1600,7397,0,340.0,298.2166774233956,15.865299967117608,1607.711400021799,111.40043260781398
1724775287,415,,Aggregated,157.900000,0.000000,340,360,360,370,390,450,730,840,1400,1600,1600,7581,0,340.0,297.63939828541766,15.865299967117608,1607.711400021799,111.36723387415908
1724775288,420,,Aggregated,160.700000,0.000000,340,360,360,370,390,450,720,840,1400,1600,1600,7764,0,340.0,297.4359603429099,15.865299967117608,1607.711400021799,111.2107161257084
1724775289,425,,Aggregated,162.500000,0.000000,340,360,360,370,390,450,720,840,1400,1600,1600,7934,0,340.0,297.66380554615347,15.865299967117608,1607.711400021799,110.82883791278044
1724775290,430,,Aggregated,165.300000,0.000000,340,360,360,370,390,450,720,840,1400,1600,1600,8146,0,340.0,297.87086753041524,15.865299967117608,1607.711400021799,110.66707586545544
1724775292,435,,Aggregated,170.600000,0.000000,340,360,360,370,390,450,720,830,1400,1600,1600,8334,0,340.0,298.6439413970253,15.865299967117608,1607.711400021799,110.56971442284618
1724775293,440,,Aggregated,179.800000,0.000000,340,360,360,370,390,450,720,830,1400,1600,1600,8526,0,340.0,298.6305887288232,15.865299967117608,1607.711400021799,110.22601454374853
1724775294,445,,Aggregated,180.700000,0.000000,340,360,360,370,390,450,710,830,1400,1600,1600,8724,0,340.0,298.21774657280963,15.865299967117608,1607.711400021799,110.29825767996331
1724775295,450,,Aggregated,180.800000,0.000000,340,360,360,370,390,440,710,830,1400,1600,1600,8923,0,340.0,298.179845276502,15.865299967117608,1607.711400021799,109.99607755239269
1724775296,455,,Aggregated,184.400000,0.000000,350,360,360,370,390,440,700,830,1400,1600,1600,9129,0,350.0,297.88379757931875,15.865299967117608,1607.711400021799,110.18161901632162
1724775297,460,,Aggregated,185.100000,0.000000,350,360,360,370,390,440,700,830,1400,1600,1600,9320,0,350.0,297.68382340133525,15.865299967117608,1607.711400021799,110.27317596566523
1724775298,465,,Aggregated,186.400000,0.000000,350,360,360,370,390,440,700,830,1400,1600,1600,9534,0,350.0,296.8326068805847,15.865299967117608,1607.711400021799,110.55695405915671
1724775299,470,,Aggregated,188.200000,0.000000,350,360,360,370,390,440,670,830,1400,1600,1600,9745,0,350.0,296.80648067727896,15.865299967117608,1607.711400021799,110.30230887634684
1724775300,475,,Aggregated,191.600000,0.000000,350,360,360,370,390,440,660,830,1400,1600,1600,9942,0,350.0,296.6582242707553,15.865299967117608,1607.711400021799,110.20146851740093
1724775301,480,,Aggregated,194.600000,0.000000,350,360,360,370,390,430,660,830,1300,1500,1600,10169,0,350.0,296.3405204738925,15.865299967117608,1607.711400021799,110.04966073360212
1724775302,485,,Aggregated,196.200000,0.000000,350,360,360,370,390,430,650,830,1300,1500,1600,10353,0,350.0,296.4461546120231,15.865299967117608,1607.711400021799,109.81599536366271
1724775303,490,,Aggregated,199.000000,0.000000,350,360,360,370,390,430,640,820,1300,1500,1600,10600,0,350.0,296.1933979243018,15.865299967117608,1607.711400021799,109.64433962264151
1724775304,495,,Aggregated,199.800000,0.000000,350,360,360,370,390,430,640,820,1300,1500,1600,10809,0,350.0,295.81932354483786,15.865299967117608,1607.711400021799,109.86159681746693
1724775305,500,,Aggregated,205.400000,0.000000,350,360,360,370,390,430,640,820,1300,1500,1600,11034,0,350.0,295.2152862331212,15.865299967117608,1607.711400021799,110.1079390973355
1724775306,500,,Aggregated,206.000000,0.000000,350,360,360,370,390,430,630,820,1300,1500,1600,11250,0,350.0,295.00805900409404,15.865299967117608,1607.711400021799,110.01004444444445
1724775307,500,,Aggregated,209.000000,0.000000,340,360,360,370,390,430,630,820,1300,1500,1600,11489,0,340.0,294.53109229650136,15.865299967117608,1607.711400021799,110.08355818609104
1724775308,500,,Aggregated,210.400000,0.000000,340,360,360,370,390,420,630,820,1300,1500,1600,11705,0,340.0,294.02973482227935,15.865299967117608,1607.711400021799,110.15565997436993
1724775309,500,,Aggregated,215.100000,0.000000,340,360,360,370,380,420,630,820,1300,1500,1600,11931,0,340.0,293.58475892173846,15.865299967117608,1607.711400021799,110.29310200318498
1724775310,500,,Aggregated,215.000000,0.000000,340,360,360,370,390,420,630,820,1300,1500,1600,12160,0,340.0,293.50166863452233,15.865299967117608,1607.711400021799,110.45041118421052
1724775311,500,,Aggregated,216.200000,0.000000,340,360,360,370,390,420,630,810,1300,1500,1600,12377,0,340.0,293.3408432007634,15.865299967117608,1607.711400021799,110.39985456895855
1724775312,500,,Aggregated,217.600000,0.000000,340,360,360,370,390,430,630,810,1300,1500,1600,12612,0,340.0,294.211332008836,15.865299967117608,1607.711400021799,110.19735172851253
1724775313,500,,Aggregated,218.200000,0.000000,350,360,360,370,390,440,630,810,1300,1500,1600,12869,0,350.0,295.0761760505765,15.865299967117608,1607.711400021799,110.44253632760898
1724775314,500,,Aggregated,221.800000,0.000000,350,360,360,370,390,430,620,810,1300,1500,1600,13068,0,350.0,294.9177294073264,15.865299967117608,1607.711400021799,110.51675849403122
1724775315,500,,Aggregated,214.300000,0.000000,350,360,360,370,390,430,620,800,1300,1500,1600,13287,0,350.0,294.5481057946726,15.865299967117608,1607.711400021799,110.59983442462557
1724775316,500,,Aggregated,219.400000,0.000000,350,360,360,370,390,430,620,800,1300,1500,1600,13513,0,350.0,294.0826888917785,15.865299967117608,1607.711400021799,110.63464811662843
1724775317,500,,Aggregated,217.600000,0.000000,350,360,360,370,390,430,620,800,1300,1500,1600,13722,0,350.0,293.74293837593285,15.865299967117608,1607.711400021799,110.68357382305787
1724775318,500,,Aggregated,218.500000,0.000000,350,360,360,370,390,430,620,790,1300,1500,1600,13953,0,350.0,293.4467515583941,15.865299967117608,1607.711400021799,110.64581093671612
1724775319,500,,Aggregated,216.600000,0.000000,350,360,360,370,390,430,620,780,1300,1500,1600,14169,0,350.0,293.1746501654423,15.865299967117608,1607.711400021799,110.71091820170795
1724775320,500,,Aggregated,217.800000,0.000000,350,360,360,370,390,430,620,770,1300,1500,1600,14400,0,350.0,293.05491932599074,15.865299967117608,1607.711400021799,110.7442361111111
1724775321,500,,Aggregated,215.100000,0.000000,350,360,360,370,390,420,610,770,1300,1500,1600,14595,0,350.0,293.04459751933,15.865299967117608,1607.711400021799,110.63610825625214
1724775322,500,,Aggregated,219.400000,0.000000,350,360,360,370,390,420,610,750,1300,1500,1600,14853,0,350.0,292.7224149865484,15.865299967117608,1607.711400021799,110.7504207904127
1724775323,500,,Aggregated,216.200000,0.000000,350,360,360,370,390,420,610,740,1300,1500,1600,15071,0,350.0,292.3351127792767,15.865299967117608,1607.711400021799,110.86842279875258
1724775324,500,,Aggregated,217.700000,0.000000,350,360,360,370,390,430,610,740,1300,1500,1600,15279,0,350.0,292.75881816847055,15.865299967117608,1607.711400021799,110.79540545847242
1724775325,500,,Aggregated,223.700000,0.000000,350,360,360,370,390,420,610,740,1300,1500,1600,15491,0,350.0,292.6327254274237,15.865299967117608,1607.711400021799,110.79943192821638
1724775326,500,,Aggregated,218.400000,0.000000,350,360,360,370,390,420,610,740,1300,1500,1600,15718,0,350.0,292.48680537573506,15.865299967117608,1607.711400021799,110.74634177376257
1724775327,500,,Aggregated,220.200000,0.000000,350,360,360,370,390,420,600,740,1300,1500,1600,15931,0,350.0,292.0943477493882,15.865299967117608,1607.711400021799,110.87175946268282
1724775328,500,,Aggregated,219.600000,0.000000,350,360,360,370,390,420,600,730,1300,1500,1600,16150,0,350.0,291.79379820407746,15.865299967117608,1607.711400021799,110.94278637770898
1724775329,500,,Aggregated,218.100000,0.000000,350,360,360,370,390,420,590,730,1300,1500,1600,16366,0,350.0,291.6021272574592,15.865299967117608,1607.711400021799,110.9659049248442
1724775330,500,,Aggregated,219.800000,0.000000,350,360,360,370,390,420,600,730,1300,1500,1600,16578,0,350.0,291.85105318468084,15.865299967117608,1607.711400021799,111.10906020026542
1724775331,500,,Aggregated,220.300000,0.000000,350,360,360,370,390,420,590,730,1300,1500,1600,16819,0,350.0,291.9317016764094,15.865299967117608,1607.711400021799,111.01730186099054
1724775332,500,,Aggregated,216.400000,0.000000,350,360,360,370,390,420,590,730,1300,1500,1600,17057,0,350.0,291.68751742375485,15.865299967117608,1607.711400021799,111.0849504602216
1724775333,500,,Aggregated,220.400000,0.000000,350,360,360,370,390,420,590,730,1300,1500,1600,17273,0,350.0,291.5087234236492,15.865299967117608,1607.711400021799,111.05696752156545
1724775334,500,,Aggregated,216.800000,0.000000,350,360,360,370,390,420,590,730,1300,1500,1600,17475,0,350.0,291.34971120438735,15.865299967117608,1607.711400021799,111.09899856938483
1724775335,500,,Aggregated,215.600000,0.000000,350,360,360,370,390,420,590,720,1300,1500,1600,17694,0,350.0,291.2906764946834,15.865299967117608,1607.711400021799,111.00271278399457
1724775336,500,,Aggregated,219.400000,0.000000,350,360,360,370,390,420,580,720,1300,1500,1600,17928,0,350.0,291.2044450410679,15.865299967117608,1607.711400021799,110.9642458723784
1724775337,500,,Aggregated,216.200000,0.000000,350,360,360,370,390,420,580,720,1300,1500,1600,18136,0,350.0,291.33842653266976,15.865299967117608,1607.711400021799,110.8103220114689
1724775338,500,,Aggregated,217.100000,0.000000,350,360,360,370,390,420,570,720,1300,1500,1600,18362,0,350.0,291.2502289128069,15.865299967117608,1607.711400021799,110.89614421087028
1724775339,500,,Aggregated,219.100000,0.000000,350,360,360,370,390,420,570,720,1300,1500,1600,18571,0,350.0,291.2044080876818,15.865299967117608,1607.711400021799,110.99579990307468
1724775340,500,,Aggregated,215.400000,0.000000,350,360,360,370,390,420,560,720,1300,1500,1600,18785,0,350.0,291.2742317325676,15.865299967117608,1607.711400021799,110.96406707479372
1724775341,500,,Aggregated,217.000000,0.000000,350,360,360,370,390,420,560,720,1300,1500,1600,19023,0,350.0,291.20521178024256,15.865299967117608,1607.711400021799,110.93849550544078
1724775342,500,,Aggregated,219.500000,0.000000,350,360,360,370,390,420,560,710,1300,1500,1600,19228,0,350.0,291.2409133189499,15.865299967117608,1607.711400021799,110.832223840233
1724775343,500,,Aggregated,214.800000,0.000000,350,360,360,370,390,420,550,710,1300,1500,1600,19459,0,350.0,291.2473200779382,15.865299967117608,1607.711400021799,110.88889459890025
1724775344,500,,Aggregated,217.900000,0.000000,350,360,360,370,390,420,550,710,1300,1500,1600,19676,0,350.0,291.42900163133106,15.865299967117608,1607.711400021799,110.79203090058955
1724775345,500,,Aggregated,216.500000,0.000000,350,360,360,370,390,420,550,710,1300,1500,1600,19889,0,350.0,291.33430381613255,15.865299967117608,1607.711400021799,110.81477198451405
1724775346,500,,Aggregated,215.100000,0.000000,350,360,360,370,390,420,550,710,1300,1500,1600,20101,0,350.0,291.28471136759606,15.865299967117608,1607.711400021799,110.74613203323217
1724775347,500,,Aggregated,217.200000,0.000000,350,360,360,370,390,420,550,710,1300,1500,1600,20317,0,350.0,291.0676289314567,15.865299967117608,1607.711400021799,110.77752620957818
1724775348,500,,Aggregated,216.400000,0.000000,350,360,360,370,390,420,550,710,1300,1500,1600,20539,0,350.0,290.89345584991685,15.865299967117608,1607.711400021799,110.77394225619553
1724775349,500,,Aggregated,215.900000,0.000000,350,360,360,370,380,420,550,710,1300,1500,20000,20783,0,350.0,291.61434562387075,15.865299967117608,19601.938899955712,110.82245104171679
1724775350,500,,Aggregated,216.400000,0.000000,350,360,360,370,390,420,550,710,1300,1500,20000,20998,0,350.0,291.5613183779911,15.865299967117608,19601.938899955712,110.85055719592341
1724775351,500,,Aggregated,215.800000,0.000000,350,360,360,370,380,420,550,700,1300,1500,20000,21222,0,350.0,291.49608485541745,15.865299967117608,19601.938899955712,110.87381019696541
1724775352,500,,Aggregated,217.600000,0.000000,350,360,360,370,380,420,550,700,1300,1500,20000,21453,0,350.0,291.3721339160528,15.865299967117608,19601.938899955712,110.80599449960378
1724775353,500,,Aggregated,219.000000,0.000000,350,360,360,370,380,410,540,700,1300,1500,20000,21666,0,350.0,291.1967433167478,15.602399944327772,19601.938899955712,110.80217852857011
1724775354,500,,Aggregated,218.900000,0.000000,350,360,360,370,380,410,540,700,1300,1500,20000,21882,0,350.0,291.22483659635964,15.602399944327772,19601.938899955712,110.72808701215611
1724775355,500,,Aggregated,220.700000,0.000000,350,360,360,370,380,410,540,700,1300,1500,20000,22112,0,350.0,291.19005425118183,15.602399944327772,19601.938899955712,110.61866859623734
1724775356,500,,Aggregated,219.700000,0.000000,350,360,360,370,380,410,540,700,1300,1500,20000,22339,0,350.0,291.10634320263824,15.602399944327772,19601.938899955712,110.60356327498992
1724775357,500,,Aggregated,218.300000,0.000000,350,360,360,370,380,410,540,700,1300,1500,20000,22549,0,350.0,291.03143028975023,15.602399944327772,19601.938899955712,110.5311100270522
1724775358,500,,Aggregated,220.200000,0.000000,350,360,360,370,380,410,540,690,1300,1500,20000,22777,0,350.0,290.982446375895,15.602399944327772,19601.938899955712,110.50511480879835
1724775359,500,,Aggregated,220.500000,0.000000,350,360,360,370,380,410,540,690,1300,1500,20000,22994,0,350.0,290.6704445943994,15.602399944327772,19601.938899955712,110.55018700530573
1724775361,500,,Aggregated,221.400000,0.000000,350,360,360,370,380,410,530,690,1300,1500,20000,23217,0,350.0,290.5731800708175,15.602399944327772,19601.938899955712,110.57608648834905
1724775362,500,,Aggregated,218.200000,0.000000,350,360,360,370,380,410,530,690,1300,1500,20000,23437,0,350.0,290.4480986476187,15.602399944327772,19601.938899955712,110.59495669240944
1724775363,500,,Aggregated,219.400000,0.000000,350,360,360,370,380,410,530,680,1300,1500,20000,23649,0,350.0,290.37347317449206,15.602399944327772,19601.938899955712,110.52801386950823
1724775364,500,,Aggregated,218.400000,0.000000,350,360,360,370,380,410,530,670,1300,1500,20000,23879,0,350.0,290.00485330650366,15.602399944327772,19601.938899955712,110.64780769713974
1724775365,500,,Aggregated,217.000000,0.000000,350,360,360,370,380,410,530,670,1300,1500,20000,24085,0,350.0,289.715543483777,15.602399944327772,19601.938899955712,110.83529167531658
1724775366,500,,Aggregated,219.000000,0.000000,350,360,360,370,380,410,530,670,1300,1500,20000,24314,0,350.0,289.66102918513815,15.602399944327772,19601.938899955712,110.80591428806449
1724775367,500,,Aggregated,219.100000,0.000000,350,360,360,370,380,410,530,670,1300,1500,20000,24523,0,350.0,289.6158191292852,15.602399944327772,19601.938899955712,110.80822085389227
1724775368,500,,Aggregated,218.100000,0.000000,350,360,360,370,380,410,530,670,1300,1500,20000,24763,0,350.0,289.56756029993824,15.602399944327772,19601.938899955712,110.8503008520777
1724775369,500,,Aggregated,217.300000,0.000000,350,360,360,370,380,410,530,670,1300,1500,20000,24970,0,350.0,289.4980220267162,15.602399944327772,19601.938899955712,110.85026031237484
1724775370,500,,Aggregated,219.100000,0.000000,340,360,360,370,380,410,520,670,1300,1500,20000,25194,0,340.0,289.42728677885304,15.5552999349311,19601.938899955712,110.81459871397952
1724775371,500,,Aggregated,217.300000,0.000000,340,360,360,370,380,410,520,670,1300,1500,20000,25390,0,340.0,289.4271214653693,15.5552999349311,19601.938899955712,110.71606931862938
1724775372,500,,Aggregated,217.700000,0.000000,340,360,360,370,380,410,520,660,1300,1500,20000,25632,0,340.0,289.2569997739031,15.5552999349311,19601.938899955712,110.76548845193508
1724775373,500,,Aggregated,215.600000,0.000000,340,360,360,370,380,410,520,660,1300,1500,20000,25851,0,340.0,289.0069264479618,15.5552999349311,19601.938899955712,110.83041274999033
1724775374,500,,Aggregated,216.500000,0.000000,340,360,360,370,380,410,520,660,1200,1500,20000,26063,0,340.0,288.8795435715917,15.5552999349311,19601.938899955712,110.81870851398534
1724775375,500,,Aggregated,218.800000,0.000000,340,360,360,370,380,410,520,660,1200,1500,20000,26292,0,340.0,288.80575552666016,15.5552999349311,19601.938899955712,110.82218925909022
1724775376,500,,Aggregated,215.300000,0.000000,340,360,360,370,380,410,520,660,1200,1500,20000,26529,0,340.0,288.74217998067473,15.5552999349311,19601.938899955712,110.78525387311998
1724775377,500,,Aggregated,219.200000,0.000000,340,360,360,370,380,410,510,660,1200,1500,20000,26737,0,340.0,288.4664367657941,15.5552999349311,19601.938899955712,110.86071735796835
1724775378,500,,Aggregated,219.400000,0.000000,340,360,360,370,380,410,510,660,1200,1500,20000,26970,0,340.0,288.3265242568327,15.5552999349311,19601.938899955712,110.90292918057101
1724775379,500,,Aggregated,219.300000,0.000000,340,360,360,370,380,410,510,660,1200,1500,20000,27193,0,340.0,288.34381049926645,15.5552999349311,19601.938899955712,110.84043687713749
1724775380,500,,Aggregated,218.000000,0.000000,340,360,360,370,380,410,510,650,1200,1500,20000,27408,0,340.0,288.0358147477391,15.5552999349311,19601.938899955712,111.00069322825452
1724775381,500,,Aggregated,220.600000,0.000000,340,360,360,370,380,410,510,650,1200,1500,20000,27648,0,340.0,288.10485261881996,15.5552999349311,19601.938899955712,111.00368923611111
1724775382,500,,Aggregated,219.800000,0.000000,340,360,360,370,380,410,510,650,1200,1500,20000,27847,0,340.0,288.0103805797597,15.5552999349311,19601.938899955712,110.9961575753223
1724775383,500,,Aggregated,221.800000,0.000000,340,360,360,370,380,410,510,650,1200,1500,20000,28078,0,340.0,287.80032525485296,15.5552999349311,19601.938899955712,111.05609373887029
1724775384,500,,Aggregated,221.100000,0.000000,340,360,360,370,380,410,510,650,1200,1500,20000,28283,0,340.0,287.6726433054011,15.5552999349311,19601.938899955712,111.0716331365131
1724775385,500,,Aggregated,221.100000,0.000000,340,360,360,370,380,400,500,650,1200,1500,20000,28504,0,340.0,287.52730119303664,15.5552999349311,19601.938899955712,111.15032977827673
1724775386,500,,Aggregated,222.000000,0.000000,340,360,360,370,380,400,500,650,1200,1500,20000,28749,0,340.0,287.5188913181764,15.5552999349311,19601.938899955712,111.08769000660892
1724775387,500,,Aggregated,218.500000,0.000000,340,360,360,370,380,400,500,650,1200,1500,20000,28961,0,340.0,287.42984444962684,15.5552999349311,19601.938899955712,111.07682745761541
1724775388,500,,Aggregated,220.300000,0.000000,340,360,360,370,380,400,500,650,1200,1500,20000,29195,0,340.0,287.35749827043753,15.5552999349311,19601.938899955712,111.07491008734372
1724775389,500,,Aggregated,219.100000,0.000000,340,360,360,370,380,400,500,650,1200,1500,20000,29398,0,340.0,287.47763224388916,15.5552999349311,19601.938899955712,110.97666507925709
1724775390,500,,Aggregated,221.700000,0.000000,340,360,360,370,380,400,500,650,1200,1500,20000,29638,0,340.0,287.31000611739637,15.5552999349311,19601.938899955712,111.04727039611309
1724775391,500,,Aggregated,219.600000,0.000000,340,360,360,370,380,400,500,650,1200,1500,20000,29852,0,340.0,287.2058475883372,15.5552999349311,19601.938899955712,111.05024788958863
1724775392,500,,Aggregated,221.000000,0.000000,340,360,360,370,380,400,500,640,1200,1500,20000,30078,0,340.0,287.16116762105446,15.5552999349311,19601.938899955712,111.00751379745994
1724775393,500,,Aggregated,219.700000,0.000000,340,360,360,370,380,400,500,640,1200,1500,20000,30302,0,340.0,287.1025600787585,15.5552999349311,19601.938899955712,110.93277671440829
1724775394,500,,Aggregated,219.300000,0.000000,340,360,360,370,380,400,490,640,1200,1500,20000,30512,0,340.0,287.0112270879254,15.5552999349311,19601.938899955712,110.96437467226009
1724775395,500,,Aggregated,218.500000,0.000000,340,350,360,370,380,400,490,640,1200,1500,20000,30737,0,340.0,286.9304381236429,15.5552999349311,19601.938899955712,110.9304421381397
1724775396,500,,Aggregated,219.700000,0.000000,340,350,360,370,380,400,490,640,1200,1500,20000,30957,0,340.0,286.8632047519239,15.5552999349311,19601.938899955712,110.95277320153761
1724775397,500,,Aggregated,221.300000,0.000000,340,350,360,370,380,400,490,640,1200,1500,20000,31164,0,340.0,286.71750559320446,15.5552999349311,19601.938899955712,110.98273649082275
1724775398,500,,Aggregated,219.200000,0.000000,340,350,360,370,380,400,490,640,1200,1500,20000,31409,0,340.0,286.55140610672504,15.5552999349311,19601.938899955712,111.0305008118692
1724775399,500,,Aggregated,220.100000,0.000000,340,350,360,370,380,400,490,640,1200,1500,20000,31617,0,340.0,286.50831397055634,15.5552999349311,19601.938899955712,111.03887149318405
1724775400,500,,Aggregated,218.400000,0.000000,340,350,360,370,380,400,490,640,1200,1500,20000,31833,0,340.0,286.4327384288712,15.5552999349311,19601.938899955712,111.10218955172306
1724775401,500,,Aggregated,219.400000,0.000000,340,350,360,370,380,400,490,640,1200,1500,20000,32054,0,340.0,286.4733644102726,15.5552999349311,19601.938899955712,111.02838959256255
1724775402,500,,Aggregated,216.500000,0.000000,340,350,360,370,380,400,490,640,1200,1500,20000,32268,0,340.0,286.38209327836756,15.5552999349311,19601.938899955712,111.04155820007438
1724775403,500,,Aggregated,219.700000,0.000000,340,350,360,370,380,400,480,640,1200,1500,20000,32492,0,340.0,286.3016447496662,15.5552999349311,19601.938899955712,111.08599039763634
1724775404,500,,Aggregated,219.600000,0.000000,340,360,360,370,380,400,500,650,1200,1500,20000,32720,0,340.0,287.0241894836713,15.5552999349311,19601.938899955712,111.01888753056235
1724775405,500,,Aggregated,218.100000,0.000000,340,360,360,370,380,400,500,640,1200,1500,20000,32922,0,340.0,286.9152106708685,15.5552999349311,19601.938899955712,111.05027033594557
1724775406,500,,Aggregated,215.100000,0.000000,340,360,360,370,380,400,500,640,1200,1500,20000,33136,0,340.0,286.892710577828,15.5552999349311,19601.938899955712,111.079822549493
1724775407,500,,Aggregated,217.400000,0.000000,340,360,360,370,380,400,500,640,1200,1500,20000,33367,0,340.0,287.0009794199671,15.5552999349311,19601.938899955712,111.01126861869511
1724775408,500,,Aggregated,216.000000,0.000000,340,360,360,370,380,400,500,640,1200,1500,20000,33590,0,340.0,286.97509332561435,15.5552999349311,19601.938899955712,110.9996725215838
1724775409,500,,Aggregated,217.500000,0.000000,340,360,360,370,380,400,500,640,1200,1500,20000,33793,0,340.0,286.9544076556075,15.5552999349311,19601.938899955712,110.98422750273726
1724775410,500,,Aggregated,216.700000,0.000000,340,360,360,370,380,400,500,640,1200,1500,20000,34022,0,340.0,286.9216721270211,15.5552999349311,19601.938899955712,110.9485039092352
1724775411,500,,Aggregated,215.600000,0.000000,340,360,360,370,380,400,500,640,1200,1500,20000,34241,0,340.0,286.8656916738932,15.5552999349311,19601.938899955712,110.94769428462953
1724775412,500,,Aggregated,218.000000,0.000000,340,360,360,370,380,400,500,640,1200,1500,20000,34438,0,340.0,286.96950188472704,15.5552999349311,19601.938899955712,111.04599570242175
1724775413,500,,Aggregated,216.700000,0.000000,340,360,360,370,380,400,500,640,1200,1500,20000,34674,0,340.0,287.14048992346,15.5552999349311,19601.938899955712,110.91244159889254
1724775414,500,,Aggregated,215.300000,0.000000,340,360,360,370,380,400,500,640,1200,1500,20000,34890,0,340.0,287.11079714549453,15.5552999349311,19601.938899955712,110.94184580108914
1724775415,500,,Aggregated,217.900000,0.000000,340,360,360,370,380,400,500,640,1200,1500,20000,35106,0,340.0,287.1857606564819,15.5552999349311,19601.938899955712,110.92175126758958
1724775416,500,,Aggregated,218.700000,0.000000,340,360,360,370,380,400,500,640,1200,1500,20000,35330,0,340.0,287.0890435212862,15.5552999349311,19601.938899955712,110.9297480894424
1724775417,500,,Aggregated,215.800000,0.000000,340,360,360,370,380,400,500,640,1200,1500,20000,35544,0,340.0,286.9396106039337,15.5552999349311,19601.938899955712,110.95129979743416
1724775418,500,,Aggregated,215.900000,0.000000,340,360,360,370,380,400,500,640,1200,1500,20000,35768,0,340.0,286.72451886057405,15.5552999349311,19601.938899955712,111.06016551107135
1724775419,500,,Aggregated,217.500000,0.000000,340,360,360,370,380,400,500,640,1200,1500,20000,36000,0,340.0,286.6836152001252,15.5552999349311,19601.938899955712,111.04888888888888
1724775420,500,,Aggregated,215.500000,0.000000,340,350,360,370,380,400,500,640,1200,1500,20000,36195,0,340.0,286.5864944744696,15.5552999349311,19601.938899955712,111.07443016991297
1724775421,500,,Aggregated,217.100000,0.000000,340,350,360,370,380,400,500,640,1200,1500,20000,36450,0,340.0,286.38693657348654,15.5552999349311,19601.938899955712,111.19119341563785
1724775422,500,,Aggregated,216.400000,0.000000,340,350,360,370,380,400,500,640,1200,1500,20000,36666,0,340.0,286.37818238431805,15.5552999349311,19601.938899955712,111.12447499045437
1724775423,500,,Aggregated,216.600000,0.000000,340,350,360,370,380,400,500,640,1200,1500,20000,36881,0,340.0,286.2758711288719,15.5552999349311,19601.938899955712,111.14812505083918
1724775424,500,,Aggregated,220.000000,0.000000,340,350,360,370,380,400,490,640,1200,1500,20000,37109,0,340.0,286.3595503544804,15.5552999349311,19601.938899955712,111.05023040232828
1724775425,500,,Aggregated,218.100000,0.000000,340,350,360,370,380,400,490,640,1200,1500,20000,37330,0,340.0,286.24346492911064,15.5552999349311,19601.938899955712,111.1234128047147
1724775426,500,,Aggregated,221.300000,0.000000,340,350,360,370,380,400,490,640,1200,1500,20000,37552,0,340.0,286.1847251092844,15.5552999349311,19601.938899955712,111.12995313165743
1724775427,500,,Aggregated,221.400000,0.000000,340,350,360,370,380,400,490,640,1200,1500,20000,37769,0,340.0,286.0338514999656,15.5552999349311,19601.938899955712,111.20193809738144
1724775428,500,,Aggregated,221.500000,0.000000,340,350,360,370,380,400,490,640,1200,1500,20000,37988,0,340.0,285.9812002159245,15.5552999349311,19601.938899955712,111.209618826998
1724775429,500,,Aggregated,220.100000,0.000000,340,350,360,370,380,400,490,640,1200,1500,20000,38205,0,340.0,285.86198191603467,15.5552999349311,19601.938899955712,111.22811150372988
1724775430,500,,Aggregated,222.100000,0.000000,340,350,360,370,380,400,490,640,1200,1500,20000,38433,0,340.0,285.77894124583486,15.5552999349311,19601.938899955712,111.23802461426378
1724775431,500,,Aggregated,221.700000,0.000000,340,350,360,370,380,400,490,640,1200,1500,20000,38671,0,340.0,285.6693798118045,15.5552999349311,19601.938899955712,111.22585399912079
1724775432,500,,Aggregated,223.400000,0.000000,340,350,360,370,380,400,490,640,1200,1500,20000,38871,0,340.0,285.55080019557136,15.5552999349311,19601.938899955712,111.24362635383704
1724775433,500,,Aggregated,222.000000,0.000000,340,350,360,370,380,400,480,640,1200,1500,20000,39108,0,340.0,285.4271964406643,15.5552999349311,19601.938899955712,111.25255702158127
1724775434,500,,Aggregated,220.400000,0.000000,340,350,360,370,380,400,480,640,1200,1500,20000,39303,0,340.0,285.38548425061185,15.5552999349311,19601.938899955712,111.28351525328856
1724775435,500,,Aggregated,219.800000,0.000000,340,350,360,370,380,400,480,630,1200,1500,20000,39531,0,340.0,285.2576709620895,15.5552999349311,19601.938899955712,111.36234853659154
1724775436,500,,Aggregated,220.500000,0.000000,340,350,360,370,380,400,480,640,1200,1500,20000,39765,0,340.0,285.2828003018305,15.5552999349311,19601.938899955712,111.3086131019741
1724775437,500,,Aggregated,218.900000,0.000000,340,350,360,370,380,400,480,630,1200,1500,20000,39970,0,340.0,285.1175661696941,15.5552999349311,19601.938899955712,111.37358018513885
1724775438,500,,Aggregated,220.700000,0.000000,340,350,360,370,380,400,480,630,1200,1500,20000,40192,0,340.0,285.1656102210246,15.5552999349311,19601.938899955712,111.30498606687898
1724775439,500,,Aggregated,219.700000,0.000000,340,350,360,370,380,400,480,630,1200,1500,20000,40422,0,340.0,285.1171608926896,15.5552999349311,19601.938899955712,111.31848993122557
1724775440,500,,Aggregated,219.400000,0.000000,340,350,360,370,380,400,480,630,1200,1500,20000,40637,0,340.0,285.03375943362147,15.5552999349311,19601.938899955712,111.34357851219332
1724775441,500,,Aggregated,218.300000,0.000000,340,350,360,370,380,400,480,630,1200,1500,20000,40869,0,340.0,285.3802898823935,15.5552999349311,19972.875600098632,111.40607795639727
1724775442,500,,Aggregated,218.500000,0.000000,340,350,360,370,380,400,480,630,1200,1500,20000,41097,0,340.0,285.3245196681677,15.5552999349311,19972.875600098632,111.40071051414945
1724775443,500,,Aggregated,218.100000,0.000000,340,350,360,370,380,400,480,630,1200,1500,20000,41300,0,340.0,285.3622216126752,15.5552999349311,19972.875600098632,111.34585956416466
1724775444,500,,Aggregated,221.400000,0.000000,340,350,360,370,380,400,480,630,1200,1500,20000,41526,0,340.0,285.31836960227184,15.5552999349311,19972.875600098632,111.33078071569619
1724775445,500,,Aggregated,221.400000,0.000000,340,350,360,370,380,400,480,630,1200,1500,20000,41750,0,340.0,285.270808718665,15.5552999349311,19972.875600098632,111.3274491017964
1724775446,500,,Aggregated,219.400000,0.000000,340,350,360,370,380,400,480,630,1200,1500,20000,41964,0,340.0,285.2057761772913,15.5552999349311,19972.875600098632,111.3161281098084
1724775447,500,,Aggregated,220.500000,0.000000,340,350,360,370,380,400,480,630,1200,1500,20000,42210,0,340.0,285.11802529267567,15.5552999349311,19972.875600098632,111.34212271973466
1724775448,500,,Aggregated,219.100000,0.000000,340,350,360,370,380,400,480,630,1200,1500,20000,42406,0,340.0,285.1003381126275,15.5552999349311,19972.875600098632,111.31537989907089
1724775449,500,,Aggregated,220.700000,0.000000,340,350,360,370,380,400,480,630,1200,1500,20000,42632,0,340.0,285.0287723119609,15.5552999349311,19972.875600098632,111.33639050478514
1724775450,500,,Aggregated,221.300000,0.000000,340,350,360,370,380,400,470,630,1200,1500,20000,42858,0,340.0,284.93647008501625,15.5552999349311,19972.875600098632,111.37311587101591
1724775451,500,,Aggregated,221.500000,0.000000,340,350,360,370,380,400,470,630,1200,1500,20000,43073,0,340.0,284.80132820104836,15.5552999349311,19972.875600098632,111.41169642235275
1724775452,500,,Aggregated,219.500000,0.000000,340,350,360,370,380,400,470,630,1200,1500,20000,43289,0,340.0,284.8193159648896,15.5552999349311,19972.875600098632,111.37166485712305
1724775453,500,,Aggregated,222.300000,0.000000,340,350,360,370,380,400,470,630,1200,1500,20000,43515,0,340.0,284.76323012301697,15.5552999349311,19972.875600098632,111.38841778697001
1724775454,500,,Aggregated,217.800000,0.000000,340,350,360,370,380,400,470,630,1200,1500,20000,43742,0,340.0,284.7116430410931,15.5552999349311,19972.875600098632,111.41436148324264
1724775455,500,,Aggregated,218.100000,0.000000,340,350,360,370,380,400,470,630,1200,1500,20000,43963,0,340.0,284.63137208341914,15.5552999349311,19972.875600098632,111.43825489616268
1724775456,500,,Aggregated,219.800000,0.000000,340,350,360,370,380,400,470,630,1100,1500,20000,44195,0,340.0,284.62109158508684,15.5552999349311,19972.875600098632,111.43362371308972
1724775457,500,,Aggregated,219.500000,0.000000,340,350,360,370,380,400,480,630,1100,1500,20000,44409,0,340.0,284.83058795748826,15.5552999349311,19972.875600098632,111.4681258303497
1724775458,500,,Aggregated,221.600000,0.000000,340,350,360,370,380,400,480,630,1100,1500,20000,44614,0,340.0,284.7330150491562,15.5552999349311,19972.875600098632,111.49296185054018
1724775459,500,,Aggregated,216.200000,0.000000,340,350,360,370,380,400,480,630,1100,1500,20000,44828,0,340.0,284.7091032123401,15.5552999349311,19972.875600098632,111.52333363076649
1724775460,500,,Aggregated,220.500000,0.000000,340,350,360,370,380,400,480,630,1100,1500,20000,45062,0,340.0,284.62091042126013,15.5552999349311,19972.875600098632,111.5686387643691
1724775461,500,,Aggregated,217.300000,0.000000,340,350,360,370,380,400,480,630,1100,1500,20000,45267,0,340.0,284.527692626011,15.5552999349311,19972.875600098632,111.62248437051274
1724775462,500,,Aggregated,219.200000,0.000000,340,350,360,370,380,400,480,630,1100,1500,20000,45503,0,340.0,284.54196685056604,15.5552999349311,19972.875600098632,111.60637760147682
1724775463,500,,Aggregated,217.800000,0.000000,340,350,360,370,380,400,480,630,1100,1500,20000,45713,0,340.0,284.74049326452564,15.5552999349311,19972.875600098632,111.64202743202152
1724775464,500,,Aggregated,217.800000,0.000000,340,350,360,370,380,400,480,630,1100,1500,20000,45936,0,340.0,284.72687174113366,15.5552999349311,19972.875600098632,111.61328805294322
1724775465,500,,Aggregated,216.500000,0.000000,340,350,360,370,380,400,480,630,1100,1500,20000,46173,0,340.0,284.597124663799,15.5552999349311,19972.875600098632,111.64988196565092
1724775466,500,,Aggregated,216.000000,0.000000,340,350,360,370,380,400,480,630,1100,1500,20000,46376,0,340.0,284.5431477230043,15.5552999349311,19972.875600098632,111.67793686389511
1724775467,500,,Aggregated,218.700000,0.000000,340,350,360,370,380,400,480,630,1100,1500,20000,46602,0,340.0,284.53892529939856,15.5552999349311,19972.875600098632,111.63209733487834
1724775468,500,,Aggregated,217.500000,0.000000,340,350,360,370,380,400,480,630,1100,1500,20000,46839,0,340.0,284.5158879460138,15.5552999349311,19972.875600098632,111.6476654070326
1724775469,500,,Aggregated,220.200000,0.000000,340,350,360,370,380,400,480,630,1100,1500,20000,47045,0,340.0,284.50162218733425,15.5552999349311,19972.875600098632,111.61572962057605
1724775470,500,,Aggregated,215.200000,0.000000,340,350,360,370,380,400,480,630,1100,1500,20000,47289,0,340.0,284.4280960795234,15.5552999349311,19972.875600098632,111.62727061261604
1724775471,500,,Aggregated,221.000000,0.000000,340,350,360,370,380,400,480,630,1100,1500,20000,47507,0,340.0,284.3871471321008,15.5552999349311,19972.875600098632,111.65297745595386
1724775472,500,,Aggregated,217.900000,0.000000,340,350,360,370,380,400,480,630,1100,1500,20000,47713,0,340.0,284.39143508278255,15.5552999349311,19972.875600098632,111.61025297088844
1724775473,500,,Aggregated,218.500000,0.000000,340,350,360,370,380,400,480,630,1100,1500,20000,47951,0,340.0,284.26198738510976,15.5552999349311,19972.875600098632,111.65081020208129
1724775474,500,,Aggregated,220.700000,0.000000,340,350,360,370,380,400,480,630,1100,1500,20000,48177,0,340.0,284.2867308550585,15.5552999349311,19972.875600098632,111.59937314486166
1724775475,500,,Aggregated,220.700000,0.000000,340,350,360,370,380,400,480,630,1100,1500,20000,48383,0,340.0,284.4744478164791,15.5552999349311,19972.875600098632,111.55525701176033
1724775476,500,,Aggregated,222.600000,0.000000,340,350,360,370,380,400,480,630,1100,1500,20000,48603,0,340.0,284.45999837673304,15.5552999349311,19972.875600098632,111.55000720120157
1724775477,500,,Aggregated,219.700000,0.000000,340,350,360,370,380,400,480,630,1100,1500,20000,48820,0,340.0,284.3529778534287,14.882399933412671,19972.875600098632,111.58961491192134
1724775478,500,,Aggregated,219.000000,0.000000,340,350,360,370,380,400,480,630,1100,1500,20000,49039,0,340.0,284.28937500161936,14.882399933412671,19972.875600098632,111.6067007891678
1724775479,500,,Aggregated,220.300000,0.000000,340,350,360,370,380,400,480,630,1100,1500,20000,49263,0,340.0,284.2565321662113,14.882399933412671,19972.875600098632,111.60053183931146
1724775480,500,,Aggregated,220.900000,0.000000,340,350,360,370,380,400,470,630,1100,1500,20000,49487,0,340.0,284.1625964839779,14.882399933412671,19972.875600098632,111.64398730979853
1724775481,500,,Aggregated,217.400000,0.000000,340,350,360,370,380,400,470,630,1100,1500,20000,49722,0,340.0,284.1058736213545,14.882399933412671,19972.875600098632,111.6030931981819
1724775482,500,,Aggregated,219.300000,0.000000,340,350,360,370,380,400,470,630,1100,1500,20000,49926,0,340.0,284.1016650222694,14.882399933412671,19972.875600098632,111.59327805151625
1724775483,500,,Aggregated,219.500000,0.000000,340,350,360,370,380,400,470,630,1100,1500,20000,50161,0,340.0,284.0694640677277,14.882399933412671,19972.875600098632,111.58647156157174
1724775484,500,,Aggregated,220.300000,0.000000,340,350,360,370,380,400,470,630,1100,1500,20000,50378,0,340.0,284.02697015166837,14.882399933412671,19972.875600098632,111.58481877009805
1724775485,500,,Aggregated,220.100000,0.000000,340,350,360,370,380,400,470,630,1100,1500,20000,50588,0,340.0,283.9834948545027,14.882399933412671,19972.875600098632,111.57867478453389
1724775486,500,,Aggregated,219.200000,0.000000,340,350,360,370,380,400,470,630,1100,1500,20000,50827,0,340.0,283.9557349164679,14.882399933412671,19972.875600098632,111.56780844826568
1724775487,500,,Aggregated,219.500000,0.000000,340,350,360,370,380,400,470,620,1100,1500,20000,51038,0,340.0,283.9224608095756,14.882399933412671,19972.875600098632,111.56614679258591
1724775488,500,,Aggregated,218.800000,0.000000,340,350,360,370,380,400,470,620,1100,1500,20000,51276,0,340.0,283.8574157285803,14.882399933412671,19972.875600098632,111.58261174818628
1724775490,500,,Aggregated,219.900000,0.000000,340,350,360,370,380,400,470,620,1100,1500,20000,51494,0,340.0,283.8444395754515,14.882399933412671,19972.875600098632,111.57655260807084
1724775491,500,,Aggregated,223.000000,0.000000,340,350,360,370,380,400,470,620,1100,1500,20000,51726,0,340.0,283.82605101299447,14.882399933412671,19972.875600098632,111.56317905888721
1724775492,500,,Aggregated,222.500000,0.000000,340,350,360,370,380,400,470,620,1100,1500,20000,51943,0,340.0,283.714472968418,14.882399933412671,19972.875600098632,111.59222609398763
1724775493,500,,Aggregated,222.600000,0.000000,340,350,360,370,380,400,470,620,1100,1500,20000,52162,0,340.0,283.7041399485882,14.882399933412671,19972.875600098632,111.57146965223725
1724775494,500,,Aggregated,220.600000,0.000000,340,350,360,370,380,400,470,620,1100,1500,20000,52387,0,340.0,283.6071041765692,14.882399933412671,19972.875600098632,111.59356328860214
1724775495,500,,Aggregated,222.600000,0.000000,340,350,360,370,380,400,470,620,1100,1500,20000,52599,0,340.0,283.61348678295593,14.882399933412671,19972.875600098632,111.58438373353106
1724775496,500,,Aggregated,220.700000,0.000000,340,350,360,370,380,400,470,620,1100,1500,20000,52816,0,340.0,283.55189802136664,14.882399933412671,19972.875600098632,111.60436231445017
1724775497,500,,Aggregated,221.100000,0.000000,340,350,360,370,380,400,470,620,1100,1500,20000,53050,0,340.0,283.51459073695366,14.882399933412671,19972.875600098632,111.61083883129123
1724775498,500,,Aggregated,221.800000,0.000000,340,350,360,370,380,400,470,620,1100,1500,20000,53266,0,340.0,283.4582981582108,14.882399933412671,19972.875600098632,111.63295535613712
